	Train BalAcc	Val BalAcc	Test BalAcc	Train Accuracy	Val Accuracy	Test Accuracy	Train AUROC	Val AUROC	Test AUROC	Comb
0	0.9595550810904072	0.6264993686868687	0.5442801181104767	0.9805706843476202	0.728706929926442	0.6971950004906557	0.9963295088566827	0.6865617985409651	0.5773064654643602	0.1_1.5_1.0_1.0_50_0.0001_525_0.1_0.0001
1	0.7531683529606505	0.5777342389411355	0.5781825485348405	0.8616110341998667	0.7466880341880343	0.7419997864926597	0.9197515777019237	0.6778108672936258	0.6025793650793652	5_0.5_1.0_0.6_50_0.1_287_0.0001_0.1
2	0.9976851851851851	0.6547619047619048	0.6094995489242016	0.9981167608286251	0.6793650793650795	0.6348699782372845	1.0	0.7414965986394558	0.7019188872130049	0.1_1.5_1.0_0.6_50_0.0001_287_0.1_0.0001
