	Atrophy_36m|Fibrosis_36m	Fibrosis_36m	Atrophy_36m
ETDRS	0.134984	0.012519	0.015144
Foveal thickness	0.019726	-0.002981	0.051359
Demographic	0.009464	-0.00041	0.004786
Retinal fluid	0.004054	0.022885	0.043039
SNPs	0.00159	-0.000185	-0.008119
Neovascular membrane	-0.000769	-0.006943	-0.005838
Cataract	-0.003912	-0.000934	-0.004137
